RC4,RC1,RC3,RC2,RC7,RC6,RC5,RC8,RC10,RC9
able,about,been,about,about,and,and,about,and,exciting
and,and,has,and,and,common,been,and,are,her
are,anyway,large,are,behind,examination,has,for,for,look
expressing,beautiful,present,changes,both,examining,have,new,has,now
find,find,room,dealing,consciousness,painful,people,now,have,starting
for,for,social,develop,consciousnessraising,the,the,program,large,when
get,get,the,each,experience,which,would,session,more,woman
have,going,which,for,for,with,american,the,that,world
like,have,boys,full,form,also,from,will,the,all
meaningless,her,house,liberation,group,body,independence,with,this,anyone
more,him,library,lives,groups,can,paris,women,which,but
most,how,meeting,other,history,early,peoples,act,high,courage
new,just,old,our,individual,except,supported,also,less,down
one,like,school,people,liberation,from,accordance,care,money,had
reasons,look,west,power,mass,into,against,day,much,home
right,more,charge,primary,men,may,government,had,not,instead
that,now,chicago,sharing,more,normal,including,ing,part,keeps
the,one,league,society,movement,not,national,local,produced,lover
their,right,made,task,now,once,over,money,than,old
they,same,miss,topics,oppressed,sexual,press,next,does,she
